{
  "train_loss": 0.31955623854521226,
  "train_accuracy": 0.9194313725490196,
  "val_loss": 0.394576972639057,
  "val_accuracy": 0.8888888888888888,
  "epochs_trained": 12,
  "train_losses": [
    0.9650023890318429,
    0.8479227936058714,
    0.8192923066012543,
    0.8027195418090151,
    0.7866186259085672,
    0.7773842303675219,
    0.7699852800907049,
    0.7603300327346438,
    0.7535213660775569,
    0.7471406310423275,
    0.741799167224339,
    0.738128387838378
  ],
  "val_losses": [
    0.4672194110675597,
    0.4274070976485669,
    0.43663067716947745,
    0.4206931767329364,
    0.41543295139997777,
    0.39545649206134637,
    0.39179397930561655,
    0.39419058720830463,
    0.3932304886025442,
    0.4134109599489561,
    0.3952051888049488,
    0.394576972639057
  ]
}