{
  "train_loss": 0.25796110765602354,
  "train_accuracy": 0.903921568627451,
  "val_loss": 0.2517982122134155,
  "val_accuracy": 0.9117777777777778,
  "train_losses": [
    0.8359285101555941,
    0.5776049128749914,
    0.5132185213996056,
    0.4679762255727199,
    0.4301099330186844,
    0.40492359053969085,
    0.3880669261728014,
    0.371312233439663,
    0.3625313825998689,
    0.34701859446844663,
    0.343704241633714,
    0.3352741183792439,
    0.3265807119228487,
    0.3182703217020011,
    0.3137235916721492,
    0.3089400762528704,
    0.30734247249320035,
    0.30219922093371104,
    0.297089191606469,
    0.29681226009862466
  ],
  "val_losses": [
    0.5254299334237273,
    0.44990239596702686,
    0.39652781020587596,
    0.35967147770062297,
    0.34680311402804415,
    0.3308114843889022,
    0.3131519358762553,
    0.29856476418569056,
    0.2984800464670423,
    0.28532180966625753,
    0.29931494278807036,
    0.28566382132785423,
    0.28039934748495127,
    0.27221030500573173,
    0.2610225568354969,
    0.2651983321132794,
    0.2610601779650634,
    0.25916701345376564,
    0.2539512019761851,
    0.2517982122134155
  ]
}