{
  "train_loss": 0.0011020040295633428,
  "train_accuracy": 0.9998823529411764,
  "val_loss": 0.07541785964702952,
  "val_accuracy": 0.9813333333333333,
  "final_lr": 0.0,
  "train_losses": [
    0.31299364795548873,
    0.13462792356547557,
    0.09930300096372016,
    0.07982735803822302,
    0.06323758728643482,
    0.053251332569549926,
    0.0474060456377027,
    0.04074016064163274,
    0.03377771357635741,
    0.029355239344265937,
    0.022626213334182178,
    0.017996274005157176,
    0.015302955614692323,
    0.013042047817638158,
    0.01128817369705819,
    0.009880229630297456,
    0.008997668773042363,
    0.006844721354933965,
    0.006843794080308279,
    0.006496220657549142
  ],
  "val_losses": [
    0.15706530171380917,
    0.11353180334496667,
    0.0962735020201391,
    0.08794185256874057,
    0.08334599069359017,
    0.08143087399100334,
    0.07318635588564293,
    0.08483413907266418,
    0.08160746133637051,
    0.0716420530905606,
    0.07273520935576042,
    0.07265968895582876,
    0.0738574792958901,
    0.07885871944181673,
    0.0780821914168101,
    0.07972740070422141,
    0.07419937140714954,
    0.07516266835499293,
    0.07506980361338232,
    0.07541785964702952
  ]
}